<?xml version="1.0" encoding="utf-8" ?><rss version="2.0" xml:base="https://www.prestashop.com/pl/blog/feed.xml" xmlns:dc="http://purl.org/dc/elements/1.1/" xmlns:atom="http://www.w3.org/2005/Atom" xmlns:og="http://ogp.me/ns#" xmlns:article="http://ogp.me/ns/article#" xmlns:book="http://ogp.me/ns/book#" xmlns:profile="http://ogp.me/ns/profile#" xmlns:video="http://ogp.me/ns/video#" xmlns:product="http://ogp.me/ns/product#" xmlns:content="http://purl.org/rss/1.0/modules/content/" xmlns:foaf="http://xmlns.com/foaf/0.1/" xmlns:rdfs="http://www.w3.org/2000/01/rdf-schema#" xmlns:sioc="http://rdfs.org/sioc/ns#" xmlns:sioct="http://rdfs.org/sioc/types#" xmlns:skos="http://www.w3.org/2004/02/skos/core#" xmlns:xsd="http://www.w3.org/2001/XMLSchema#">
  <channel>
    <title>Blog Feed</title>
    <link>https://www.prestashop.com/pl/blog/feed.xml</link>
    <description></description>
    <language>pl</language>
     <atom:link href="https://www.prestashop.com/pl/blog/feed.xml" rel="self" type="application/rss+xml" />
      <item>
    <title>Moduły PrestaShop – aby zapewnić wysoką sprzedaż na Black Friday i w okresie bożonarodzeniowym</title>
    <link>https://www.prestashop.com/pl/blog/modules-black-friday-2020</link>
    <description>Oprócz sprzedaży świątecznej fenomen Black Friday, przypadającego na około miesiąc przed Bożym Narodzeniem, jest coraz w</description>
     <pubDate>Sun, 25 Oct 2020 15:44:00 +0100</pubDate>
 <dc:creator>PrestaShop Team</dc:creator>
 <guid isPermaLink="false">https://www.prestashop.com/pl/blog/modules-black-friday-2020</guid>
  </item>
  <item>
    <title>Jak zostać ekspertem od e-commerce?</title>
    <link>https://www.prestashop.com/pl/blog/jak-ekspertem-e-commerce</link>
    <description>Już ponad 300 tys. sklepów internetowych korzysta z platformy PrestaShop.</description>
     <pubDate>Fri, 23 Oct 2020 17:49:28 +0200</pubDate>
 <dc:creator>luca mastroianni</dc:creator>
 <guid isPermaLink="false">https://www.prestashop.com/pl/blog/jak-ekspertem-e-commerce</guid>
  </item>
  <item>
    <title>Strategie omnichannel – wspólna przyszłość e-commerce i sprzedaży tradycyjnej</title>
    <link>https://www.prestashop.com/pl/blog/strategie-omnichannel-e-commerce</link>
    <description>Pomimo że w branży handlowej regularnie mówi się, że sprzedaż online zastąpi tę tradycyjną, to ostatecznie oba te kanały sprzedaży – jakże od siebie różne – wciąż współistnieją i ze sobą konkurują.</description>
     <pubDate>Wed, 21 Oct 2020 16:26:56 +0200</pubDate>
 <dc:creator>luca mastroianni</dc:creator>
 <guid isPermaLink="false">https://www.prestashop.com/pl/blog/strategie-omnichannel-e-commerce</guid>
  </item>
  <item>
    <title>Ważne etapy budowania firmy:  aby osiągnąć sukces, musisz się rozwijać</title>
    <link>https://www.prestashop.com/pl/blog/etapy-budowania-firmy</link>
    <description>Każdy biznes ma swój cykl życia. Pierwszy etap to wyłącznie pomysł – produkt wyobraźni, moment olśnienia w głowie przedsiębiorcy.</description>
     <pubDate>Fri, 16 Oct 2020 17:26:27 +0200</pubDate>
 <dc:creator>luca mastroianni</dc:creator>
 <guid isPermaLink="false">https://www.prestashop.com/pl/blog/etapy-budowania-firmy</guid>
  </item>
  <item>
    <title>7 sposobów na skuteczną obsługę posprzedażową</title>
    <link>https://www.prestashop.com/pl/blog/sposobow-obsluge-posprzedazowa</link>
    <description>Jak zadbać o dobrą relację z klientem, kiedy dokona już zakupu? Oto 7 sposobów na usprawnienie procesu sprzedaży i optymalizację retencji klientów.</description>
     <pubDate>Wed, 14 Oct 2020 16:48:36 +0200</pubDate>
 <dc:creator>luca mastroianni</dc:creator>
 <guid isPermaLink="false">https://www.prestashop.com/pl/blog/sposobow-obsluge-posprzedazowa</guid>
  </item>
  <item>
    <title>Chatboty – znacznie więcej niż obsługa klienta</title>
    <link>https://www.prestashop.com/pl/blog/chatboty-obsluga-klienta</link>
    <description>Z komunikatorów online codziennie korzystają miliony osób.</description>
     <pubDate>Fri, 09 Oct 2020 12:46:22 +0200</pubDate>
 <dc:creator>luca mastroianni</dc:creator>
 <guid isPermaLink="false">https://www.prestashop.com/pl/blog/chatboty-obsluga-klienta</guid>
  </item>
  <item>
    <title>PrestaShop Metrics skupia w jednym miejscu dane niezbędne do zarządzania biznesem w e-commerce</title>
    <link>https://www.prestashop.com/pl/blog/prestashop-metrics</link>
    <description>W sektorze e-handlu, być może nawet bardziej niż gdzie indziej, dane i wnioski z nich płynące są niezbędne do zarządzania przedsiębiorstwem.</description>
     <pubDate>Thu, 08 Oct 2020 12:26:54 +0200</pubDate>
 <dc:creator>Pierre-Olivier Calande</dc:creator>
 <guid isPermaLink="false">https://www.prestashop.com/pl/blog/prestashop-metrics</guid>
  </item>
  <item>
    <title>Dropshipping - co to jest i dla kogo?</title>
    <link>https://www.prestashop.com/pl/blog/dropshipping-kogo</link>
    <description>Budowa sprzedaży w sieci obejmuje swoim zasięgiem stosunkowo wiele płaszczyzn.</description>
     <pubDate>Tue, 06 Oct 2020 18:12:10 +0200</pubDate>
 <dc:creator>Łukasz Gwara</dc:creator>
 <guid isPermaLink="false">https://www.prestashop.com/pl/blog/dropshipping-kogo</guid>
  </item>
  <item>
    <title>Znaczenie tłumaczenia w rozwoju handlu elektronicznego (e-commerce) na rynkach międzynarodowych</title>
    <link>https://www.prestashop.com/pl/blog/tlumaczenia-e-commerce-miedzynarodowych</link>
    <description>Wejście na rynek międzynarodowy znacząco zwiększa sprzedaż sklepu internetowego.</description>
     <pubDate>Mon, 28 Sep 2020 16:39:11 +0200</pubDate>
 <dc:creator>Sara Lázaro PL</dc:creator>
 <guid isPermaLink="false">https://www.prestashop.com/pl/blog/tlumaczenia-e-commerce-miedzynarodowych</guid>
  </item>
  <item>
    <title>PSD2: obowiązkowe silne uwierzytelnienie do końca 2020 r.: bądźcie gotowi!</title>
    <link>https://www.prestashop.com/pl/blog/psd2-obowiazkowe-uwierzytelnienie</link>
    <description>Początkowo planowana na 14 września 2019 r., a następnie przełożona na marzec 2020 r., dyrektywa PSD2 powraca z całą mocą na początku nowego roku szkolnego.</description>
     <pubDate>Fri, 25 Sep 2020 16:54:38 +0200</pubDate>
 <dc:creator>PrestaShop Team</dc:creator>
 <guid isPermaLink="false">https://www.prestashop.com/pl/blog/psd2-obowiazkowe-uwierzytelnienie</guid>
  </item>
  </channel>
</rss>
